Notes,County,County Code,Hispanic Origin,Hispanic Origin Code,Race,Race Code,Age of Mother 9,Age of Mother 9 Code,Month Prenatal Care Began,Month Prenatal Care Began Code,Births
,"Anchorage Borough, AK",2020,Non-Hispanic other races,8,American Indian or Alaska Native,1002-5,15-19 years,15-19,3rd month,3,13
,"Anchorage Borough, AK",2020,Non-Hispanic other races,8,American Indian or Alaska Native,1002-5,20-24 years,20-24,2nd month,2,18
,"Anchorage Borough, AK",2020,Non-Hispanic other races,8,American Indian or Alaska Native,1002-5,20-24 years,20-24,3rd month,3,37
,"Anchorage Borough, AK",2020,Non-Hispanic other races,8,American Indian or Alaska Native,1002-5,25-29 years,25-29,2nd month,2,26
,"Anchorage Borough, AK",2020,Non-Hispanic other races,8,American Indian or Alaska Native,1002-5,25-29 years,25-29,3rd month,3,50
,"Anchorage Borough, AK",2020,Non-Hispanic other races,8,American Indian or Alaska Native,1002-5,30-34 years,30-34,2nd month,2,12
,"Anchorage Borough, AK",2020,Non-Hispanic other races,8,American Indian or Alaska Native,1002-5,30-34 years,30-34,3rd month,3,44
,"Anchorage Borough, AK",2020,Non-Hispanic other races,8,American Indian or Alaska Native,1002-5,35-39 years,35-39,3rd month,3,11
,"Unidentified Counties, AK",2999,Non-Hispanic other races,8,American Indian or Alaska Native,1002-5,15-19 years,15-19,2nd month,2,34
,"Unidentified Counties, AK",2999,Non-Hispanic other races,8,American Indian or Alaska Native,1002-5,15-19 years,15-19,3rd month,3,68
,"Unidentified Counties, AK",2999,Non-Hispanic other races,8,American Indian or Alaska Native,1002-5,15-19 years,15-19,4th month,4,27
,"Unidentified Counties, AK",2999,Non-Hispanic other races,8,American Indian or Alaska Native,1002-5,15-19 years,15-19,5th month,5,17
,"Unidentified Counties, AK",2999,Non-Hispanic other races,8,American Indian or Alaska Native,1002-5,20-24 years,20-24,1st month,1,13
,"Unidentified Counties, AK",2999,Non-Hispanic other races,8,American Indian or Alaska Native,1002-5,20-24 years,20-24,2nd month,2,133
,"Unidentified Counties, AK",2999,Non-Hispanic other races,8,American Indian or Alaska Native,1002-5,20-24 years,20-24,3rd month,3,155
,"Unidentified Counties, AK",2999,Non-Hispanic other races,8,American Indian or Alaska Native,1002-5,20-24 years,20-24,4th month,4,67
,"Unidentified Counties, AK",2999,Non-Hispanic other races,8,American Indian or Alaska Native,1002-5,20-24 years,20-24,5th month,5,50
,"Unidentified Counties, AK",2999,Non-Hispanic other races,8,American Indian or Alaska Native,1002-5,20-24 years,20-24,6th month,6,21
,"Unidentified Counties, AK",2999,Non-Hispanic other races,8,American Indian or Alaska Native,1002-5,20-24 years,20-24,7th month,7,16
,"Unidentified Counties, AK",2999,Non-Hispanic other races,8,American Indian or Alaska Native,1002-5,20-24 years,20-24,8th month,8,13
,"Unidentified Counties, AK",2999,Non-Hispanic other races,8,American Indian or Alaska Native,1002-5,25-29 years,25-29,1st month,1,12
,"Unidentified Counties, AK",2999,Non-Hispanic other races,8,American Indian or Alaska Native,1002-5,25-29 years,25-29,2nd month,2,118
,"Unidentified Counties, AK",2999,Non-Hispanic other races,8,American Indian or Alaska Native,1002-5,25-29 years,25-29,3rd month,3,170
,"Unidentified Counties, AK",2999,Non-Hispanic other races,8,American Indian or Alaska Native,1002-5,25-29 years,25-29,4th month,4,50
,"Unidentified Counties, AK",2999,Non-Hispanic other races,8,American Indian or Alaska Native,1002-5,25-29 years,25-29,5th month,5,30
,"Unidentified Counties, AK",2999,Non-Hispanic other races,8,American Indian or Alaska Native,1002-5,25-29 years,25-29,6th month,6,18
,"Unidentified Counties, AK",2999,Non-Hispanic other races,8,American Indian or Alaska Native,1002-5,25-29 years,25-29,7th month,7,12
,"Unidentified Counties, AK",2999,Non-Hispanic other races,8,American Indian or Alaska Native,1002-5,30-34 years,30-34,2nd month,2,91
,"Unidentified Counties, AK",2999,Non-Hispanic other races,8,American Indian or Alaska Native,1002-5,30-34 years,30-34,3rd month,3,104
,"Unidentified Counties, AK",2999,Non-Hispanic other races,8,American Indian or Alaska Native,1002-5,30-34 years,30-34,4th month,4,38
,"Unidentified Counties, AK",2999,Non-Hispanic other races,8,American Indian or Alaska Native,1002-5,30-34 years,30-34,5th month,5,17
,"Unidentified Counties, AK",2999,Non-Hispanic other races,8,American Indian or Alaska Native,1002-5,35-39 years,35-39,2nd month,2,31
,"Unidentified Counties, AK",2999,Non-Hispanic other races,8,American Indian or Alaska Native,1002-5,35-39 years,35-39,3rd month,3,35
,"Unidentified Counties, AK",2999,Non-Hispanic other races,8,American Indian or Alaska Native,1002-5,35-39 years,35-39,4th month,4,12
,"Unidentified Counties, AK",2999,Non-Hispanic other races,8,American Indian or Alaska Native,1002-5,40-44 years,40-44,3rd month,3,12
,"Coconino County, AZ",4005,Non-Hispanic other races,8,American Indian or Alaska Native,1002-5,15-19 years,15-19,2nd month,2,19
,"Coconino County, AZ",4005,Non-Hispanic other races,8,American Indian or Alaska Native,1002-5,15-19 years,15-19,3rd month,3,11
,"Coconino County, AZ",4005,Non-Hispanic other races,8,American Indian or Alaska Native,1002-5,20-24 years,20-24,1st month,1,12
,"Coconino County, AZ",4005,Non-Hispanic other races,8,American Indian or Alaska Native,1002-5,20-24 years,20-24,2nd month,2,44
,"Coconino County, AZ",4005,Non-Hispanic other races,8,American Indian or Alaska Native,1002-5,20-24 years,20-24,3rd month,3,29
,"Coconino County, AZ",4005,Non-Hispanic other races,8,American Indian or Alaska Native,1002-5,20-24 years,20-24,4th month,4,12
,"Coconino County, AZ",4005,Non-Hispanic other races,8,American Indian or Alaska Native,1002-5,20-24 years,20-24,6th month,6,10
,"Coconino County, AZ",4005,Non-Hispanic other races,8,American Indian or Alaska Native,1002-5,25-29 years,25-29,1st month,1,17
,"Coconino County, AZ",4005,Non-Hispanic other races,8,American Indian or Alaska Native,1002-5,25-29 years,25-29,2nd month,2,57
,"Coconino County, AZ",4005,Non-Hispanic other races,8,American Indian or Alaska Native,1002-5,25-29 years,25-29,3rd month,3,32
,"Coconino County, AZ",4005,Non-Hispanic other races,8,American Indian or Alaska Native,1002-5,25-29 years,25-29,4th month,4,12
,"Coconino County, AZ",4005,Non-Hispanic other races,8,American Indian or Alaska Native,1002-5,25-29 years,25-29,5th month,5,10
,"Coconino County, AZ",4005,Non-Hispanic other races,8,American Indian or Alaska Native,1002-5,30-34 years,30-34,1st month,1,11
,"Coconino County, AZ",4005,Non-Hispanic other races,8,American Indian or Alaska Native,1002-5,30-34 years,30-34,2nd month,2,26
,"Coconino County, AZ",4005,Non-Hispanic other races,8,American Indian or Alaska Native,1002-5,30-34 years,30-34,3rd month,3,22
,"Coconino County, AZ",4005,Non-Hispanic other races,8,American Indian or Alaska Native,1002-5,35-39 years,35-39,2nd month,2,16
,"Coconino County, AZ",4005,Non-Hispanic other races,8,American Indian or Alaska Native,1002-5,35-39 years,35-39,3rd month,3,14
,"Maricopa County, AZ",4013,Mexican,2148-5,American Indian or Alaska Native,1002-5,20-24 years,20-24,2nd month,2,17
,"Maricopa County, AZ",4013,Mexican,2148-5,American Indian or Alaska Native,1002-5,25-29 years,25-29,2nd month,2,15
,"Maricopa County, AZ",4013,Mexican,2148-5,American Indian or Alaska Native,1002-5,25-29 years,25-29,3rd month,3,10
,"Maricopa County, AZ",4013,Mexican,2148-5,American Indian or Alaska Native,1002-5,30-34 years,30-34,2nd month,2,11
,"Maricopa County, AZ",4013,Non-Hispanic other races,8,American Indian or Alaska Native,1002-5,15-19 years,15-19,2nd month,2,22
,"Maricopa County, AZ",4013,Non-Hispanic other races,8,American Indian or Alaska Native,1002-5,15-19 years,15-19,3rd month,3,19
,"Maricopa County, AZ",4013,Non-Hispanic other races,8,American Indian or Alaska Native,1002-5,15-19 years,15-19,4th month,4,18
,"Maricopa County, AZ",4013,Non-Hispanic other races,8,American Indian or Alaska Native,1002-5,20-24 years,20-24,1st month,1,12
,"Maricopa County, AZ",4013,Non-Hispanic other races,8,American Indian or Alaska Native,1002-5,20-24 years,20-24,2nd month,2,96
,"Maricopa County, AZ",4013,Non-Hispanic other races,8,American Indian or Alaska Native,1002-5,20-24 years,20-24,3rd month,3,64
,"Maricopa County, AZ",4013,Non-Hispanic other races,8,American Indian or Alaska Native,1002-5,20-24 years,20-24,4th month,4,38
,"Maricopa County, AZ",4013,Non-Hispanic other races,8,American Indian or Alaska Native,1002-5,20-24 years,20-24,5th month,5,15
,"Maricopa County, AZ",4013,Non-Hispanic other races,8,American Indian or Alaska Native,1002-5,20-24 years,20-24,6th month,6,10
,"Maricopa County, AZ",4013,Non-Hispanic other races,8,American Indian or Alaska Native,1002-5,25-29 years,25-29,1st month,1,14
,"Maricopa County, AZ",4013,Non-Hispanic other races,8,American Indian or Alaska Native,1002-5,25-29 years,25-29,2nd month,2,104
,"Maricopa County, AZ",4013,Non-Hispanic other races,8,American Indian or Alaska Native,1002-5,25-29 years,25-29,3rd month,3,70
,"Maricopa County, AZ",4013,Non-Hispanic other races,8,American Indian or Alaska Native,1002-5,25-29 years,25-29,4th month,4,27
,"Maricopa County, AZ",4013,Non-Hispanic other races,8,American Indian or Alaska Native,1002-5,25-29 years,25-29,5th month,5,26
,"Maricopa County, AZ",4013,Non-Hispanic other races,8,American Indian or Alaska Native,1002-5,25-29 years,25-29,6th month,6,13
,"Maricopa County, AZ",4013,Non-Hispanic other races,8,American Indian or Alaska Native,1002-5,25-29 years,25-29,7th month,7,11
,"Maricopa County, AZ",4013,Non-Hispanic other races,8,American Indian or Alaska Native,1002-5,25-29 years,25-29,8th month,8,10
,"Maricopa County, AZ",4013,Non-Hispanic other races,8,American Indian or Alaska Native,1002-5,30-34 years,30-34,2nd month,2,71
,"Maricopa County, AZ",4013,Non-Hispanic other races,8,American Indian or Alaska Native,1002-5,30-34 years,30-34,3rd month,3,38
,"Maricopa County, AZ",4013,Non-Hispanic other races,8,American Indian or Alaska Native,1002-5,30-34 years,30-34,4th month,4,18
,"Maricopa County, AZ",4013,Non-Hispanic other races,8,American Indian or Alaska Native,1002-5,30-34 years,30-34,7th month,7,10
,"Maricopa County, AZ",4013,Non-Hispanic other races,8,American Indian or Alaska Native,1002-5,35-39 years,35-39,2nd month,2,36
,"Maricopa County, AZ",4013,Non-Hispanic other races,8,American Indian or Alaska Native,1002-5,35-39 years,35-39,3rd month,3,20
,"Navajo County, AZ",4017,Non-Hispanic other races,8,American Indian or Alaska Native,1002-5,15-19 years,15-19,2nd month,2,18
,"Navajo County, AZ",4017,Non-Hispanic other races,8,American Indian or Alaska Native,1002-5,15-19 years,15-19,3rd month,3,23
,"Navajo County, AZ",4017,Non-Hispanic other races,8,American Indian or Alaska Native,1002-5,15-19 years,15-19,4th month,4,11
,"Navajo County, AZ",4017,Non-Hispanic other races,8,American Indian or Alaska Native,1002-5,20-24 years,20-24,2nd month,2,58
,"Navajo County, AZ",4017,Non-Hispanic other races,8,American Indian or Alaska Native,1002-5,20-24 years,20-24,3rd month,3,52
,"Navajo County, AZ",4017,Non-Hispanic other races,8,American Indian or Alaska Native,1002-5,20-24 years,20-24,4th month,4,25
,"Navajo County, AZ",4017,Non-Hispanic other races,8,American Indian or Alaska Native,1002-5,20-24 years,20-24,5th month,5,28
,"Navajo County, AZ",4017,Non-Hispanic other races,8,American Indian or Alaska Native,1002-5,20-24 years,20-24,6th month,6,11
,"Navajo County, AZ",4017,Non-Hispanic other races,8,American Indian or Alaska Native,1002-5,20-24 years,20-24,7th month,7,11
,"Navajo County, AZ",4017,Non-Hispanic other races,8,American Indian or Alaska Native,1002-5,25-29 years,25-29,1st month,1,13
,"Navajo County, AZ",4017,Non-Hispanic other races,8,American Indian or Alaska Native,1002-5,25-29 years,25-29,2nd month,2,62
,"Navajo County, AZ",4017,Non-Hispanic other races,8,American Indian or Alaska Native,1002-5,25-29 years,25-29,3rd month,3,47
,"Navajo County, AZ",4017,Non-Hispanic other races,8,American Indian or Alaska Native,1002-5,25-29 years,25-29,4th month,4,18
,"Navajo County, AZ",4017,Non-Hispanic other races,8,American Indian or Alaska Native,1002-5,25-29 years,25-29,5th month,5,14
,"Navajo County, AZ",4017,Non-Hispanic other races,8,American Indian or Alaska Native,1002-5,30-34 years,30-34,2nd month,2,36
,"Navajo County, AZ",4017,Non-Hispanic other races,8,American Indian or Alaska Native,1002-5,30-34 years,30-34,3rd month,3,35
,"Navajo County, AZ",4017,Non-Hispanic other races,8,American Indian or Alaska Native,1002-5,30-34 years,30-34,4th month,4,13
,"Navajo County, AZ",4017,Non-Hispanic other races,8,American Indian or Alaska Native,1002-5,35-39 years,35-39,2nd month,2,19
,"Navajo County, AZ",4017,Non-Hispanic other races,8,American Indian or Alaska Native,1002-5,35-39 years,35-39,3rd month,3,13
,"Pima County, AZ",4019,Mexican,2148-5,American Indian or Alaska Native,1002-5,20-24 years,20-24,2nd month,2,11
,"Pima County, AZ",4019,Non-Hispanic other races,8,American Indian or Alaska Native,1002-5,15-19 years,15-19,4th month,4,10
,"Pima County, AZ",4019,Non-Hispanic other races,8,American Indian or Alaska Native,1002-5,20-24 years,20-24,2nd month,2,11
,"Pima County, AZ",4019,Non-Hispanic other races,8,American Indian or Alaska Native,1002-5,20-24 years,20-24,3rd month,3,22
,"Pima County, AZ",4019,Non-Hispanic other races,8,American Indian or Alaska Native,1002-5,20-24 years,20-24,4th month,4,14
,"Pima County, AZ",4019,Non-Hispanic other races,8,American Indian or Alaska Native,1002-5,25-29 years,25-29,2nd month,2,25
,"Pima County, AZ",4019,Non-Hispanic other races,8,American Indian or Alaska Native,1002-5,25-29 years,25-29,3rd month,3,18
,"Pima County, AZ",4019,Non-Hispanic other races,8,American Indian or Alaska Native,1002-5,25-29 years,25-29,4th month,4,11
,"Pima County, AZ",4019,Non-Hispanic other races,8,American Indian or Alaska Native,1002-5,30-34 years,30-34,2nd month,2,15
,"Pima County, AZ",4019,Non-Hispanic other races,8,American Indian or Alaska Native,1002-5,30-34 years,30-34,3rd month,3,15
,"Pinal County, AZ",4021,Non-Hispanic other races,8,American Indian or Alaska Native,1002-5,15-19 years,15-19,2nd month,2,15
,"Pinal County, AZ",4021,Non-Hispanic other races,8,American Indian or Alaska Native,1002-5,20-24 years,20-24,1st month,1,10
,"Pinal County, AZ",4021,Non-Hispanic other races,8,American Indian or Alaska Native,1002-5,20-24 years,20-24,2nd month,2,32
,"Pinal County, AZ",4021,Non-Hispanic other races,8,American Indian or Alaska Native,1002-5,20-24 years,20-24,3rd month,3,15
,"Pinal County, AZ",4021,Non-Hispanic other races,8,American Indian or Alaska Native,1002-5,20-24 years,20-24,4th month,4,10
,"Pinal County, AZ",4021,Non-Hispanic other races,8,American Indian or Alaska Native,1002-5,25-29 years,25-29,2nd month,2,36
,"Pinal County, AZ",4021,Non-Hispanic other races,8,American Indian or Alaska Native,1002-5,25-29 years,25-29,3rd month,3,12
,"Pinal County, AZ",4021,Non-Hispanic other races,8,American Indian or Alaska Native,1002-5,30-34 years,30-34,2nd month,2,24
,"Unidentified Counties, AZ",4999,Non-Hispanic other races,8,American Indian or Alaska Native,1002-5,15-19 years,15-19,2nd month,2,15
,"Unidentified Counties, AZ",4999,Non-Hispanic other races,8,American Indian or Alaska Native,1002-5,15-19 years,15-19,3rd month,3,23
,"Unidentified Counties, AZ",4999,Non-Hispanic other races,8,American Indian or Alaska Native,1002-5,15-19 years,15-19,4th month,4,13
,"Unidentified Counties, AZ",4999,Non-Hispanic other races,8,American Indian or Alaska Native,1002-5,15-19 years,15-19,5th month,5,14
,"Unidentified Counties, AZ",4999,Non-Hispanic other races,8,American Indian or Alaska Native,1002-5,15-19 years,15-19,6th month,6,10
,"Unidentified Counties, AZ",4999,Non-Hispanic other races,8,American Indian or Alaska Native,1002-5,20-24 years,20-24,No prenatal care,0,14
,"Unidentified Counties, AZ",4999,Non-Hispanic other races,8,American Indian or Alaska Native,1002-5,20-24 years,20-24,2nd month,2,85
,"Unidentified Counties, AZ",4999,Non-Hispanic other races,8,American Indian or Alaska Native,1002-5,20-24 years,20-24,3rd month,3,68
,"Unidentified Counties, AZ",4999,Non-Hispanic other races,8,American Indian or Alaska Native,1002-5,20-24 years,20-24,4th month,4,38
,"Unidentified Counties, AZ",4999,Non-Hispanic other races,8,American Indian or Alaska Native,1002-5,20-24 years,20-24,5th month,5,18
,"Unidentified Counties, AZ",4999,Non-Hispanic other races,8,American Indian or Alaska Native,1002-5,20-24 years,20-24,6th month,6,20
,"Unidentified Counties, AZ",4999,Non-Hispanic other races,8,American Indian or Alaska Native,1002-5,20-24 years,20-24,7th month,7,12
,"Unidentified Counties, AZ",4999,Non-Hispanic other races,8,American Indian or Alaska Native,1002-5,20-24 years,20-24,8th month,8,10
,"Unidentified Counties, AZ",4999,Non-Hispanic other races,8,American Indian or Alaska Native,1002-5,25-29 years,25-29,No prenatal care,0,10
,"Unidentified Counties, AZ",4999,Non-Hispanic other races,8,American Indian or Alaska Native,1002-5,25-29 years,25-29,2nd month,2,89
,"Unidentified Counties, AZ",4999,Non-Hispanic other races,8,American Indian or Alaska Native,1002-5,25-29 years,25-29,3rd month,3,72
,"Unidentified Counties, AZ",4999,Non-Hispanic other races,8,American Indian or Alaska Native,1002-5,25-29 years,25-29,4th month,4,43
,"Unidentified Counties, AZ",4999,Non-Hispanic other races,8,American Indian or Alaska Native,1002-5,25-29 years,25-29,5th month,5,21
,"Unidentified Counties, AZ",4999,Non-Hispanic other races,8,American Indian or Alaska Native,1002-5,25-29 years,25-29,6th month,6,14
,"Unidentified Counties, AZ",4999,Non-Hispanic other races,8,American Indian or Alaska Native,1002-5,25-29 years,25-29,8th month,8,13
,"Unidentified Counties, AZ",4999,Non-Hispanic other races,8,American Indian or Alaska Native,1002-5,30-34 years,30-34,2nd month,2,53
,"Unidentified Counties, AZ",4999,Non-Hispanic other races,8,American Indian or Alaska Native,1002-5,30-34 years,30-34,3rd month,3,44
,"Unidentified Counties, AZ",4999,Non-Hispanic other races,8,American Indian or Alaska Native,1002-5,30-34 years,30-34,4th month,4,19
,"Unidentified Counties, AZ",4999,Non-Hispanic other races,8,American Indian or Alaska Native,1002-5,30-34 years,30-34,5th month,5,10
,"Unidentified Counties, AZ",4999,Non-Hispanic other races,8,American Indian or Alaska Native,1002-5,35-39 years,35-39,2nd month,2,25
,"Unidentified Counties, AZ",4999,Non-Hispanic other races,8,American Indian or Alaska Native,1002-5,35-39 years,35-39,3rd month,3,22
,"Unidentified Counties, AZ",4999,Non-Hispanic other races,8,American Indian or Alaska Native,1002-5,35-39 years,35-39,4th month,4,10
,"Unidentified Counties, AZ",4999,Non-Hispanic other races,8,American Indian or Alaska Native,1002-5,40-44 years,40-44,2nd month,2,10
,"Unidentified Counties, AR",5999,Non-Hispanic other races,8,American Indian or Alaska Native,1002-5,20-24 years,20-24,2nd month,2,15
,"Unidentified Counties, AR",5999,Non-Hispanic other races,8,American Indian or Alaska Native,1002-5,25-29 years,25-29,2nd month,2,16
,"Fresno County, CA",6019,Other and Unknown Hispanic,5,American Indian or Alaska Native,1002-5,25-29 years,25-29,2nd month,2,14
,"Fresno County, CA",6019,Non-Hispanic other races,8,American Indian or Alaska Native,1002-5,25-29 years,25-29,1st month,1,10
,"Humboldt County, CA",6023,Non-Hispanic other races,8,American Indian or Alaska Native,1002-5,30-34 years,30-34,2nd month,2,10
,"Los Angeles County, CA",6037,Mexican,2148-5,American Indian or Alaska Native,1002-5,30-34 years,30-34,2nd month,2,12
,"Los Angeles County, CA",6037,Non-Hispanic other races,8,American Indian or Alaska Native,1002-5,20-24 years,20-24,2nd month,2,16
,"Los Angeles County, CA",6037,Non-Hispanic other races,8,American Indian or Alaska Native,1002-5,25-29 years,25-29,2nd month,2,20
,"Los Angeles County, CA",6037,Non-Hispanic other races,8,American Indian or Alaska Native,1002-5,25-29 years,25-29,3rd month,3,17
,"Los Angeles County, CA",6037,Non-Hispanic other races,8,American Indian or Alaska Native,1002-5,30-34 years,30-34,2nd month,2,17
,"Los Angeles County, CA",6037,Non-Hispanic other races,8,American Indian or Alaska Native,1002-5,35-39 years,35-39,2nd month,2,13
,"Orange County, CA",6059,Non-Hispanic other races,8,American Indian or Alaska Native,1002-5,30-34 years,30-34,2nd month,2,10
,"Riverside County, CA",6065,Non-Hispanic other races,8,American Indian or Alaska Native,1002-5,20-24 years,20-24,2nd month,2,12
,"Riverside County, CA",6065,Non-Hispanic other races,8,American Indian or Alaska Native,1002-5,25-29 years,25-29,2nd month,2,18
,"Riverside County, CA",6065,Non-Hispanic other races,8,American Indian or Alaska Native,1002-5,25-29 years,25-29,3rd month,3,12
,"Riverside County, CA",6065,Non-Hispanic other races,8,American Indian or Alaska Native,1002-5,30-34 years,30-34,2nd month,2,11
,"Sacramento County, CA",6067,Non-Hispanic other races,8,American Indian or Alaska Native,1002-5,25-29 years,25-29,2nd month,2,29
,"Sacramento County, CA",6067,Non-Hispanic other races,8,American Indian or Alaska Native,1002-5,30-34 years,30-34,2nd month,2,19
,"San Bernardino County, CA",6071,Other and Unknown Hispanic,5,American Indian or Alaska Native,1002-5,20-24 years,20-24,2nd month,2,11
,"San Bernardino County, CA",6071,Non-Hispanic other races,8,American Indian or Alaska Native,1002-5,20-24 years,20-24,2nd month,2,12
,"San Bernardino County, CA",6071,Non-Hispanic other races,8,American Indian or Alaska Native,1002-5,20-24 years,20-24,3rd month,3,11
,"San Bernardino County, CA",6071,Non-Hispanic other races,8,American Indian or Alaska Native,1002-5,25-29 years,25-29,2nd month,2,16
,"San Diego County, CA",6073,Non-Hispanic other races,8,American Indian or Alaska Native,1002-5,20-24 years,20-24,2nd month,2,17
,"San Diego County, CA",6073,Non-Hispanic other races,8,American Indian or Alaska Native,1002-5,20-24 years,20-24,3rd month,3,22
,"San Diego County, CA",6073,Non-Hispanic other races,8,American Indian or Alaska Native,1002-5,25-29 years,25-29,2nd month,2,25
,"San Diego County, CA",6073,Non-Hispanic other races,8,American Indian or Alaska Native,1002-5,25-29 years,25-29,3rd month,3,15
,"San Diego County, CA",6073,Non-Hispanic other races,8,American Indian or Alaska Native,1002-5,30-34 years,30-34,2nd month,2,22
,"San Diego County, CA",6073,Non-Hispanic other races,8,American Indian or Alaska Native,1002-5,30-34 years,30-34,3rd month,3,15
,"San Diego County, CA",6073,Non-Hispanic other races,8,American Indian or Alaska Native,1002-5,35-39 years,35-39,2nd month,2,11
,"Unidentified Counties, CA",6999,Non-Hispanic other races,8,American Indian or Alaska Native,1002-5,15-19 years,15-19,2nd month,2,10
,"Unidentified Counties, CA",6999,Non-Hispanic other races,8,American Indian or Alaska Native,1002-5,15-19 years,15-19,3rd month,3,11
,"Unidentified Counties, CA",6999,Non-Hispanic other races,8,American Indian or Alaska Native,1002-5,20-24 years,20-24,2nd month,2,16
,"Unidentified Counties, CA",6999,Non-Hispanic other races,8,American Indian or Alaska Native,1002-5,20-24 years,20-24,3rd month,3,21
,"Unidentified Counties, CA",6999,Non-Hispanic other races,8,American Indian or Alaska Native,1002-5,25-29 years,25-29,2nd month,2,14
,"Unidentified Counties, CA",6999,Non-Hispanic other races,8,American Indian or Alaska Native,1002-5,25-29 years,25-29,3rd month,3,25
,"Unidentified Counties, CA",6999,Non-Hispanic other races,8,American Indian or Alaska Native,1002-5,25-29 years,25-29,4th month,4,10
,"Unidentified Counties, CA",6999,Non-Hispanic other races,8,American Indian or Alaska Native,1002-5,30-34 years,30-34,2nd month,2,12
,"Unidentified Counties, CA",6999,Non-Hispanic other races,8,American Indian or Alaska Native,1002-5,30-34 years,30-34,3rd month,3,13
,"Unidentified Counties, CA",6999,Non-Hispanic other races,8,American Indian or Alaska Native,1002-5,35-39 years,35-39,3rd month,3,13
,"Unidentified Counties, CO",8999,Non-Hispanic other races,8,American Indian or Alaska Native,1002-5,20-24 years,20-24,2nd month,2,12
,"Unidentified Counties, CO",8999,Non-Hispanic other races,8,American Indian or Alaska Native,1002-5,20-24 years,20-24,3rd month,3,15
,"Unidentified Counties, CO",8999,Non-Hispanic other races,8,American Indian or Alaska Native,1002-5,25-29 years,25-29,2nd month,2,11
,"Unidentified Counties, CO",8999,Non-Hispanic other races,8,American Indian or Alaska Native,1002-5,25-29 years,25-29,3rd month,3,10
,"Unidentified Counties, CO",8999,Non-Hispanic other races,8,American Indian or Alaska Native,1002-5,30-34 years,30-34,3rd month,3,20
,"Unidentified Counties, ID",16999,Non-Hispanic other races,8,American Indian or Alaska Native,1002-5,20-24 years,20-24,2nd month,2,15
,"Unidentified Counties, ID",16999,Non-Hispanic other races,8,American Indian or Alaska Native,1002-5,20-24 years,20-24,3rd month,3,14
,"Unidentified Counties, ID",16999,Non-Hispanic other races,8,American Indian or Alaska Native,1002-5,20-24 years,20-24,4th month,4,14
,"Unidentified Counties, ID",16999,Non-Hispanic other races,8,American Indian or Alaska Native,1002-5,25-29 years,25-29,2nd month,2,13
,"Unidentified Counties, ID",16999,Non-Hispanic other races,8,American Indian or Alaska Native,1002-5,25-29 years,25-29,3rd month,3,11
,"Woodbury County, IA",19193,Non-Hispanic other races,8,American Indian or Alaska Native,1002-5,25-29 years,25-29,3rd month,3,10
,"Unidentified Counties, KS",20999,Non-Hispanic other races,8,American Indian or Alaska Native,1002-5,20-24 years,20-24,2nd month,2,16
,"Unidentified Counties, KS",20999,Non-Hispanic other races,8,American Indian or Alaska Native,1002-5,20-24 years,20-24,3rd month,3,18
,"Unidentified Counties, KS",20999,Non-Hispanic other races,8,American Indian or Alaska Native,1002-5,25-29 years,25-29,2nd month,2,19
,"Terrebonne Parish, LA",22109,Non-Hispanic other races,8,American Indian or Alaska Native,1002-5,20-24 years,20-24,2nd month,2,14
,"Terrebonne Parish, LA",22109,Non-Hispanic other races,8,American Indian or Alaska Native,1002-5,20-24 years,20-24,3rd month,3,17
,"Terrebonne Parish, LA",22109,Non-Hispanic other races,8,American Indian or Alaska Native,1002-5,25-29 years,25-29,3rd month,3,10
,"Terrebonne Parish, LA",22109,Non-Hispanic other races,8,American Indian or Alaska Native,1002-5,30-34 years,30-34,3rd month,3,11
,"Unidentified Counties, LA",22999,Non-Hispanic other races,8,American Indian or Alaska Native,1002-5,20-24 years,20-24,2nd month,2,13
,"Unidentified Counties, LA",22999,Non-Hispanic other races,8,American Indian or Alaska Native,1002-5,20-24 years,20-24,3rd month,3,15
,"Unidentified Counties, LA",22999,Non-Hispanic other races,8,American Indian or Alaska Native,1002-5,25-29 years,25-29,2nd month,2,16
,"Unidentified Counties, MI",26999,Non-Hispanic other races,8,American Indian or Alaska Native,1002-5,15-19 years,15-19,2nd month,2,13
,"Unidentified Counties, MI",26999,Non-Hispanic other races,8,American Indian or Alaska Native,1002-5,15-19 years,15-19,3rd month,3,13
,"Unidentified Counties, MI",26999,Non-Hispanic other races,8,American Indian or Alaska Native,1002-5,20-24 years,20-24,2nd month,2,37
,"Unidentified Counties, MI",26999,Non-Hispanic other races,8,American Indian or Alaska Native,1002-5,20-24 years,20-24,3rd month,3,36
,"Unidentified Counties, MI",26999,Non-Hispanic other races,8,American Indian or Alaska Native,1002-5,20-24 years,20-24,4th month,4,14
,"Unidentified Counties, MI",26999,Non-Hispanic other races,8,American Indian or Alaska Native,1002-5,25-29 years,25-29,2nd month,2,31
,"Unidentified Counties, MI",26999,Non-Hispanic other races,8,American Indian or Alaska Native,1002-5,25-29 years,25-29,3rd month,3,27
,"Unidentified Counties, MI",26999,Non-Hispanic other races,8,American Indian or Alaska Native,1002-5,30-34 years,30-34,2nd month,2,24
,"Unidentified Counties, MI",26999,Non-Hispanic other races,8,American Indian or Alaska Native,1002-5,30-34 years,30-34,3rd month,3,21
,"Unidentified Counties, MI",26999,Non-Hispanic other races,8,American Indian or Alaska Native,1002-5,35-39 years,35-39,2nd month,2,10
,"Hennepin County, MN",27053,Non-Hispanic other races,8,American Indian or Alaska Native,1002-5,20-24 years,20-24,2nd month,2,10
,"Hennepin County, MN",27053,Non-Hispanic other races,8,American Indian or Alaska Native,1002-5,25-29 years,25-29,3rd month,3,12
,"Unidentified Counties, MN",27999,Non-Hispanic other races,8,American Indian or Alaska Native,1002-5,15-19 years,15-19,2nd month,2,16
,"Unidentified Counties, MN",27999,Non-Hispanic other races,8,American Indian or Alaska Native,1002-5,15-19 years,15-19,3rd month,3,18
,"Unidentified Counties, MN",27999,Non-Hispanic other races,8,American Indian or Alaska Native,1002-5,15-19 years,15-19,4th month,4,12
,"Unidentified Counties, MN",27999,Non-Hispanic other races,8,American Indian or Alaska Native,1002-5,20-24 years,20-24,2nd month,2,42
,"Unidentified Counties, MN",27999,Non-Hispanic other races,8,American Indian or Alaska Native,1002-5,20-24 years,20-24,3rd month,3,56
,"Unidentified Counties, MN",27999,Non-Hispanic other races,8,American Indian or Alaska Native,1002-5,20-24 years,20-24,4th month,4,25
,"Unidentified Counties, MN",27999,Non-Hispanic other races,8,American Indian or Alaska Native,1002-5,20-24 years,20-24,5th month,5,18
,"Unidentified Counties, MN",27999,Non-Hispanic other races,8,American Indian or Alaska Native,1002-5,20-24 years,20-24,7th month,7,10
,"Unidentified Counties, MN",27999,Non-Hispanic other races,8,American Indian or Alaska Native,1002-5,25-29 years,25-29,No prenatal care,0,15
,"Unidentified Counties, MN",27999,Non-Hispanic other races,8,American Indian or Alaska Native,1002-5,25-29 years,25-29,2nd month,2,37
,"Unidentified Counties, MN",27999,Non-Hispanic other races,8,American Indian or Alaska Native,1002-5,25-29 years,25-29,3rd month,3,51
,"Unidentified Counties, MN",27999,Non-Hispanic other races,8,American Indian or Alaska Native,1002-5,25-29 years,25-29,4th month,4,23
,"Unidentified Counties, MN",27999,Non-Hispanic other races,8,American Indian or Alaska Native,1002-5,25-29 years,25-29,5th month,5,18
,"Unidentified Counties, MN",27999,Non-Hispanic other races,8,American Indian or Alaska Native,1002-5,30-34 years,30-34,2nd month,2,23
,"Unidentified Counties, MN",27999,Non-Hispanic other races,8,American Indian or Alaska Native,1002-5,30-34 years,30-34,3rd month,3,31
,"Unidentified Counties, MN",27999,Non-Hispanic other races,8,American Indian or Alaska Native,1002-5,30-34 years,30-34,7th month,7,10
,"Unidentified Counties, MN",27999,Non-Hispanic other races,8,American Indian or Alaska Native,1002-5,35-39 years,35-39,3rd month,3,17
,"Unidentified Counties, MS",28999,Non-Hispanic other races,8,American Indian or Alaska Native,1002-5,20-24 years,20-24,2nd month,2,17
,"Unidentified Counties, MS",28999,Non-Hispanic other races,8,American Indian or Alaska Native,1002-5,25-29 years,25-29,2nd month,2,27
,"Unidentified Counties, MS",28999,Non-Hispanic other races,8,American Indian or Alaska Native,1002-5,30-34 years,30-34,2nd month,2,11
,"Unidentified Counties, MO",29999,Non-Hispanic other races,8,American Indian or Alaska Native,1002-5,20-24 years,20-24,2nd month,2,10
,"Unidentified Counties, MO",29999,Non-Hispanic other races,8,American Indian or Alaska Native,1002-5,25-29 years,25-29,2nd month,2,19
,"Unidentified Counties, MO",29999,Non-Hispanic other races,8,American Indian or Alaska Native,1002-5,25-29 years,25-29,3rd month,3,11
,"Yellowstone County, MT",30111,Non-Hispanic other races,8,American Indian or Alaska Native,1002-5,20-24 years,20-24,2nd month,2,12
,"Yellowstone County, MT",30111,Non-Hispanic other races,8,American Indian or Alaska Native,1002-5,20-24 years,20-24,3rd month,3,13
,"Unidentified Counties, MT",30999,Non-Hispanic other races,8,American Indian or Alaska Native,1002-5,15-19 years,15-19,2nd month,2,26
,"Unidentified Counties, MT",30999,Non-Hispanic other races,8,American Indian or Alaska Native,1002-5,15-19 years,15-19,3rd month,3,26
,"Unidentified Counties, MT",30999,Non-Hispanic other races,8,American Indian or Alaska Native,1002-5,15-19 years,15-19,4th month,4,29
,"Unidentified Counties, MT",30999,Non-Hispanic other races,8,American Indian or Alaska Native,1002-5,15-19 years,15-19,6th month,6,15
,"Unidentified Counties, MT",30999,Non-Hispanic other races,8,American Indian or Alaska Native,1002-5,15-19 years,15-19,7th month,7,20
,"Unidentified Counties, MT",30999,Non-Hispanic other races,8,American Indian or Alaska Native,1002-5,15-19 years,15-19,8th month,8,14
,"Unidentified Counties, MT",30999,Non-Hispanic other races,8,American Indian or Alaska Native,1002-5,20-24 years,20-24,No prenatal care,0,13
,"Unidentified Counties, MT",30999,Non-Hispanic other races,8,American Indian or Alaska Native,1002-5,20-24 years,20-24,2nd month,2,56
,"Unidentified Counties, MT",30999,Non-Hispanic other races,8,American Indian or Alaska Native,1002-5,20-24 years,20-24,3rd month,3,58
,"Unidentified Counties, MT",30999,Non-Hispanic other races,8,American Indian or Alaska Native,1002-5,20-24 years,20-24,4th month,4,40
,"Unidentified Counties, MT",30999,Non-Hispanic other races,8,American Indian or Alaska Native,1002-5,20-24 years,20-24,5th month,5,24
,"Unidentified Counties, MT",30999,Non-Hispanic other races,8,American Indian or Alaska Native,1002-5,20-24 years,20-24,6th month,6,23
,"Unidentified Counties, MT",30999,Non-Hispanic other races,8,American Indian or Alaska Native,1002-5,20-24 years,20-24,7th month,7,24
,"Unidentified Counties, MT",30999,Non-Hispanic other races,8,American Indian or Alaska Native,1002-5,20-24 years,20-24,8th month,8,27
,"Unidentified Counties, MT",30999,Non-Hispanic other races,8,American Indian or Alaska Native,1002-5,25-29 years,25-29,No prenatal care,0,15
,"Unidentified Counties, MT",30999,Non-Hispanic other races,8,American Indian or Alaska Native,1002-5,25-29 years,25-29,2nd month,2,57
,"Unidentified Counties, MT",30999,Non-Hispanic other races,8,American Indian or Alaska Native,1002-5,25-29 years,25-29,3rd month,3,65
,"Unidentified Counties, MT",30999,Non-Hispanic other races,8,American Indian or Alaska Native,1002-5,25-29 years,25-29,4th month,4,36
,"Unidentified Counties, MT",30999,Non-Hispanic other races,8,American Indian or Alaska Native,1002-5,25-29 years,25-29,5th month,5,20
,"Unidentified Counties, MT",30999,Non-Hispanic other races,8,American Indian or Alaska Native,1002-5,25-29 years,25-29,6th month,6,17
,"Unidentified Counties, MT",30999,Non-Hispanic other races,8,American Indian or Alaska Native,1002-5,25-29 years,25-29,7th month,7,19
,"Unidentified Counties, MT",30999,Non-Hispanic other races,8,American Indian or Alaska Native,1002-5,25-29 years,25-29,8th month,8,17
,"Unidentified Counties, MT",30999,Non-Hispanic other races,8,American Indian or Alaska Native,1002-5,30-34 years,30-34,2nd month,2,38
,"Unidentified Counties, MT",30999,Non-Hispanic other races,8,American Indian or Alaska Native,1002-5,30-34 years,30-34,3rd month,3,28
,"Unidentified Counties, MT",30999,Non-Hispanic other races,8,American Indian or Alaska Native,1002-5,30-34 years,30-34,4th month,4,26
,"Unidentified Counties, MT",30999,Non-Hispanic other races,8,American Indian or Alaska Native,1002-5,30-34 years,30-34,5th month,5,11
,"Unidentified Counties, MT",30999,Non-Hispanic other races,8,American Indian or Alaska Native,1002-5,30-34 years,30-34,7th month,7,11
,"Unidentified Counties, MT",30999,Non-Hispanic other races,8,American Indian or Alaska Native,1002-5,30-34 years,30-34,8th month,8,12
,"Unidentified Counties, MT",30999,Non-Hispanic other races,8,American Indian or Alaska Native,1002-5,35-39 years,35-39,2nd month,2,15
,"Unidentified Counties, MT",30999,Non-Hispanic other races,8,American Indian or Alaska Native,1002-5,35-39 years,35-39,3rd month,3,10
,"Unidentified Counties, NE",31999,Non-Hispanic other races,8,American Indian or Alaska Native,1002-5,15-19 years,15-19,2nd month,2,10
,"Unidentified Counties, NE",31999,Non-Hispanic other races,8,American Indian or Alaska Native,1002-5,15-19 years,15-19,3rd month,3,10
,"Unidentified Counties, NE",31999,Non-Hispanic other races,8,American Indian or Alaska Native,1002-5,20-24 years,20-24,2nd month,2,20
,"Unidentified Counties, NE",31999,Non-Hispanic other races,8,American Indian or Alaska Native,1002-5,20-24 years,20-24,3rd month,3,14
,"Unidentified Counties, NE",31999,Non-Hispanic other races,8,American Indian or Alaska Native,1002-5,20-24 years,20-24,4th month,4,10
,"Unidentified Counties, NE",31999,Non-Hispanic other races,8,American Indian or Alaska Native,1002-5,25-29 years,25-29,2nd month,2,22
,"Unidentified Counties, NE",31999,Non-Hispanic other races,8,American Indian or Alaska Native,1002-5,25-29 years,25-29,3rd month,3,15
,"Unidentified Counties, NE",31999,Non-Hispanic other races,8,American Indian or Alaska Native,1002-5,30-34 years,30-34,2nd month,2,10
,"Unidentified Counties, NV",32999,Non-Hispanic other races,8,American Indian or Alaska Native,1002-5,20-24 years,20-24,4th month,4,14
,"Unidentified Counties, NV",32999,Non-Hispanic other races,8,American Indian or Alaska Native,1002-5,25-29 years,25-29,3rd month,3,12
,"Bernalillo County, NM",35001,Non-Hispanic other races,8,American Indian or Alaska Native,1002-5,15-19 years,15-19,2nd month,2,12
,"Bernalillo County, NM",35001,Non-Hispanic other races,8,American Indian or Alaska Native,1002-5,20-24 years,20-24,2nd month,2,48
,"Bernalillo County, NM",35001,Non-Hispanic other races,8,American Indian or Alaska Native,1002-5,20-24 years,20-24,3rd month,3,36
,"Bernalillo County, NM",35001,Non-Hispanic other races,8,American Indian or Alaska Native,1002-5,25-29 years,25-29,1st month,1,12
,"Bernalillo County, NM",35001,Non-Hispanic other races,8,American Indian or Alaska Native,1002-5,25-29 years,25-29,2nd month,2,44
,"Bernalillo County, NM",35001,Non-Hispanic other races,8,American Indian or Alaska Native,1002-5,25-29 years,25-29,3rd month,3,18
,"Bernalillo County, NM",35001,Non-Hispanic other races,8,American Indian or Alaska Native,1002-5,30-34 years,30-34,2nd month,2,36
,"Bernalillo County, NM",35001,Non-Hispanic other races,8,American Indian or Alaska Native,1002-5,30-34 years,30-34,3rd month,3,15
,"Bernalillo County, NM",35001,Non-Hispanic other races,8,American Indian or Alaska Native,1002-5,35-39 years,35-39,1st month,1,11
,"Bernalillo County, NM",35001,Non-Hispanic other races,8,American Indian or Alaska Native,1002-5,35-39 years,35-39,2nd month,2,19
,"Bernalillo County, NM",35001,Non-Hispanic other races,8,American Indian or Alaska Native,1002-5,35-39 years,35-39,3rd month,3,13
,"Sandoval County, NM",35043,Non-Hispanic other races,8,American Indian or Alaska Native,1002-5,20-24 years,20-24,2nd month,2,25
,"Sandoval County, NM",35043,Non-Hispanic other races,8,American Indian or Alaska Native,1002-5,20-24 years,20-24,3rd month,3,19
,"Sandoval County, NM",35043,Non-Hispanic other races,8,American Indian or Alaska Native,1002-5,25-29 years,25-29,2nd month,2,24
,"Sandoval County, NM",35043,Non-Hispanic other races,8,American Indian or Alaska Native,1002-5,25-29 years,25-29,3rd month,3,10
,"Sandoval County, NM",35043,Non-Hispanic other races,8,American Indian or Alaska Native,1002-5,30-34 years,30-34,2nd month,2,23
,"Sandoval County, NM",35043,Non-Hispanic other races,8,American Indian or Alaska Native,1002-5,30-34 years,30-34,3rd month,3,10
,"Sandoval County, NM",35043,Non-Hispanic other races,8,American Indian or Alaska Native,1002-5,35-39 years,35-39,2nd month,2,13
,"San Juan County, NM",35045,Non-Hispanic other races,8,American Indian or Alaska Native,1002-5,15-19 years,15-19,2nd month,2,16
,"San Juan County, NM",35045,Non-Hispanic other races,8,American Indian or Alaska Native,1002-5,15-19 years,15-19,3rd month,3,11
,"San Juan County, NM",35045,Non-Hispanic other races,8,American Indian or Alaska Native,1002-5,15-19 years,15-19,4th month,4,11
,"San Juan County, NM",35045,Non-Hispanic other races,8,American Indian or Alaska Native,1002-5,20-24 years,20-24,1st month,1,14
,"San Juan County, NM",35045,Non-Hispanic other races,8,American Indian or Alaska Native,1002-5,20-24 years,20-24,2nd month,2,71
,"San Juan County, NM",35045,Non-Hispanic other races,8,American Indian or Alaska Native,1002-5,20-24 years,20-24,3rd month,3,48
,"San Juan County, NM",35045,Non-Hispanic other races,8,American Indian or Alaska Native,1002-5,20-24 years,20-24,4th month,4,21
,"San Juan County, NM",35045,Non-Hispanic other races,8,American Indian or Alaska Native,1002-5,20-24 years,20-24,5th month,5,20
,"San Juan County, NM",35045,Non-Hispanic other races,8,American Indian or Alaska Native,1002-5,25-29 years,25-29,1st month,1,16
,"San Juan County, NM",35045,Non-Hispanic other races,8,American Indian or Alaska Native,1002-5,25-29 years,25-29,2nd month,2,60
,"San Juan County, NM",35045,Non-Hispanic other races,8,American Indian or Alaska Native,1002-5,25-29 years,25-29,3rd month,3,35
,"San Juan County, NM",35045,Non-Hispanic other races,8,American Indian or Alaska Native,1002-5,25-29 years,25-29,4th month,4,22
,"San Juan County, NM",35045,Non-Hispanic other races,8,American Indian or Alaska Native,1002-5,25-29 years,25-29,6th month,6,10
,"San Juan County, NM",35045,Non-Hispanic other races,8,American Indian or Alaska Native,1002-5,25-29 years,25-29,Not stated/Not on certificate,99,12
,"San Juan County, NM",35045,Non-Hispanic other races,8,American Indian or Alaska Native,1002-5,30-34 years,30-34,1st month,1,12
,"San Juan County, NM",35045,Non-Hispanic other races,8,American Indian or Alaska Native,1002-5,30-34 years,30-34,2nd month,2,52
,"San Juan County, NM",35045,Non-Hispanic other races,8,American Indian or Alaska Native,1002-5,30-34 years,30-34,3rd month,3,39
,"San Juan County, NM",35045,Non-Hispanic other races,8,American Indian or Alaska Native,1002-5,30-34 years,30-34,4th month,4,10
,"San Juan County, NM",35045,Non-Hispanic other races,8,American Indian or Alaska Native,1002-5,35-39 years,35-39,2nd month,2,24
,"San Juan County, NM",35045,Non-Hispanic other races,8,American Indian or Alaska Native,1002-5,35-39 years,35-39,3rd month,3,14
,"Unidentified Counties, NM",35999,Other and Unknown Hispanic,5,American Indian or Alaska Native,1002-5,20-24 years,20-24,2nd month,2,12
,"Unidentified Counties, NM",35999,Non-Hispanic other races,8,American Indian or Alaska Native,1002-5,15-19 years,15-19,2nd month,2,18
,"Unidentified Counties, NM",35999,Non-Hispanic other races,8,American Indian or Alaska Native,1002-5,15-19 years,15-19,3rd month,3,35
,"Unidentified Counties, NM",35999,Non-Hispanic other races,8,American Indian or Alaska Native,1002-5,15-19 years,15-19,4th month,4,13
,"Unidentified Counties, NM",35999,Non-Hispanic other races,8,American Indian or Alaska Native,1002-5,20-24 years,20-24,1st month,1,12
,"Unidentified Counties, NM",35999,Non-Hispanic other races,8,American Indian or Alaska Native,1002-5,20-24 years,20-24,2nd month,2,85
,"Unidentified Counties, NM",35999,Non-Hispanic other races,8,American Indian or Alaska Native,1002-5,20-24 years,20-24,3rd month,3,88
,"Unidentified Counties, NM",35999,Non-Hispanic other races,8,American Indian or Alaska Native,1002-5,20-24 years,20-24,4th month,4,40
,"Unidentified Counties, NM",35999,Non-Hispanic other races,8,American Indian or Alaska Native,1002-5,20-24 years,20-24,5th month,5,27
,"Unidentified Counties, NM",35999,Non-Hispanic other races,8,American Indian or Alaska Native,1002-5,20-24 years,20-24,6th month,6,19
,"Unidentified Counties, NM",35999,Non-Hispanic other races,8,American Indian or Alaska Native,1002-5,20-24 years,20-24,7th month,7,10
,"Unidentified Counties, NM",35999,Non-Hispanic other races,8,American Indian or Alaska Native,1002-5,20-24 years,20-24,8th month,8,16
,"Unidentified Counties, NM",35999,Non-Hispanic other races,8,American Indian or Alaska Native,1002-5,20-24 years,20-24,Not stated/Not on certificate,99,10
,"Unidentified Counties, NM",35999,Non-Hispanic other races,8,American Indian or Alaska Native,1002-5,25-29 years,25-29,2nd month,2,77
,"Unidentified Counties, NM",35999,Non-Hispanic other races,8,American Indian or Alaska Native,1002-5,25-29 years,25-29,3rd month,3,100
,"Unidentified Counties, NM",35999,Non-Hispanic other races,8,American Indian or Alaska Native,1002-5,25-29 years,25-29,4th month,4,27
,"Unidentified Counties, NM",35999,Non-Hispanic other races,8,American Indian or Alaska Native,1002-5,25-29 years,25-29,5th month,5,21
,"Unidentified Counties, NM",35999,Non-Hispanic other races,8,American Indian or Alaska Native,1002-5,25-29 years,25-29,6th month,6,18
,"Unidentified Counties, NM",35999,Non-Hispanic other races,8,American Indian or Alaska Native,1002-5,25-29 years,25-29,7th month,7,18
,"Unidentified Counties, NM",35999,Non-Hispanic other races,8,American Indian or Alaska Native,1002-5,25-29 years,25-29,8th month,8,16
,"Unidentified Counties, NM",35999,Non-Hispanic other races,8,American Indian or Alaska Native,1002-5,25-29 years,25-29,Not stated/Not on certificate,99,10
,"Unidentified Counties, NM",35999,Non-Hispanic other races,8,American Indian or Alaska Native,1002-5,30-34 years,30-34,2nd month,2,47
,"Unidentified Counties, NM",35999,Non-Hispanic other races,8,American Indian or Alaska Native,1002-5,30-34 years,30-34,3rd month,3,65
,"Unidentified Counties, NM",35999,Non-Hispanic other races,8,American Indian or Alaska Native,1002-5,30-34 years,30-34,4th month,4,17
,"Unidentified Counties, NM",35999,Non-Hispanic other races,8,American Indian or Alaska Native,1002-5,30-34 years,30-34,5th month,5,10
,"Unidentified Counties, NM",35999,Non-Hispanic other races,8,American Indian or Alaska Native,1002-5,30-34 years,30-34,6th month,6,10
,"Unidentified Counties, NM",35999,Non-Hispanic other races,8,American Indian or Alaska Native,1002-5,35-39 years,35-39,2nd month,2,19
,"Unidentified Counties, NM",35999,Non-Hispanic other races,8,American Indian or Alaska Native,1002-5,35-39 years,35-39,3rd month,3,38
,"Unidentified Counties, NM",35999,Non-Hispanic other races,8,American Indian or Alaska Native,1002-5,35-39 years,35-39,4th month,4,11
,"Unidentified Counties, NY",36999,Non-Hispanic other races,8,American Indian or Alaska Native,1002-5,20-24 years,20-24,2nd month,2,11
,"Unidentified Counties, NY",36999,Non-Hispanic other races,8,American Indian or Alaska Native,1002-5,20-24 years,20-24,3rd month,3,13
,"Unidentified Counties, NY",36999,Non-Hispanic other races,8,American Indian or Alaska Native,1002-5,25-29 years,25-29,2nd month,2,13
,"Unidentified Counties, NY",36999,Non-Hispanic other races,8,American Indian or Alaska Native,1002-5,25-29 years,25-29,3rd month,3,15
,"Unidentified Counties, NY",36999,Non-Hispanic other races,8,American Indian or Alaska Native,1002-5,30-34 years,30-34,3rd month,3,10
,"Cumberland County, NC",37051,Non-Hispanic other races,8,American Indian or Alaska Native,1002-5,20-24 years,20-24,3rd month,3,10
,"Robeson County, NC",37155,Non-Hispanic other races,8,American Indian or Alaska Native,1002-5,15-19 years,15-19,2nd month,2,12
,"Robeson County, NC",37155,Non-Hispanic other races,8,American Indian or Alaska Native,1002-5,15-19 years,15-19,3rd month,3,33
,"Robeson County, NC",37155,Non-Hispanic other races,8,American Indian or Alaska Native,1002-5,15-19 years,15-19,4th month,4,11
,"Robeson County, NC",37155,Non-Hispanic other races,8,American Indian or Alaska Native,1002-5,20-24 years,20-24,2nd month,2,49
,"Robeson County, NC",37155,Non-Hispanic other races,8,American Indian or Alaska Native,1002-5,20-24 years,20-24,3rd month,3,82
,"Robeson County, NC",37155,Non-Hispanic other races,8,American Indian or Alaska Native,1002-5,20-24 years,20-24,4th month,4,28
,"Robeson County, NC",37155,Non-Hispanic other races,8,American Indian or Alaska Native,1002-5,20-24 years,20-24,5th month,5,16
,"Robeson County, NC",37155,Non-Hispanic other races,8,American Indian or Alaska Native,1002-5,20-24 years,20-24,7th month,7,10
,"Robeson County, NC",37155,Non-Hispanic other races,8,American Indian or Alaska Native,1002-5,25-29 years,25-29,2nd month,2,29
,"Robeson County, NC",37155,Non-Hispanic other races,8,American Indian or Alaska Native,1002-5,25-29 years,25-29,3rd month,3,53
,"Robeson County, NC",37155,Non-Hispanic other races,8,American Indian or Alaska Native,1002-5,25-29 years,25-29,4th month,4,16
,"Robeson County, NC",37155,Non-Hispanic other races,8,American Indian or Alaska Native,1002-5,25-29 years,25-29,5th month,5,13
,"Robeson County, NC",37155,Non-Hispanic other races,8,American Indian or Alaska Native,1002-5,30-34 years,30-34,2nd month,2,33
,"Robeson County, NC",37155,Non-Hispanic other races,8,American Indian or Alaska Native,1002-5,30-34 years,30-34,3rd month,3,40
,"Robeson County, NC",37155,Non-Hispanic other races,8,American Indian or Alaska Native,1002-5,30-34 years,30-34,4th month,4,13
,"Robeson County, NC",37155,Non-Hispanic other races,8,American Indian or Alaska Native,1002-5,35-39 years,35-39,3rd month,3,20
,"Unidentified Counties, NC",37999,Non-Hispanic other races,8,American Indian or Alaska Native,1002-5,15-19 years,15-19,2nd month,2,15
,"Unidentified Counties, NC",37999,Non-Hispanic other races,8,American Indian or Alaska Native,1002-5,15-19 years,15-19,3rd month,3,15
,"Unidentified Counties, NC",37999,Non-Hispanic other races,8,American Indian or Alaska Native,1002-5,20-24 years,20-24,2nd month,2,53
,"Unidentified Counties, NC",37999,Non-Hispanic other races,8,American Indian or Alaska Native,1002-5,20-24 years,20-24,3rd month,3,36
,"Unidentified Counties, NC",37999,Non-Hispanic other races,8,American Indian or Alaska Native,1002-5,20-24 years,20-24,4th month,4,10
,"Unidentified Counties, NC",37999,Non-Hispanic other races,8,American Indian or Alaska Native,1002-5,25-29 years,25-29,2nd month,2,42
,"Unidentified Counties, NC",37999,Non-Hispanic other races,8,American Indian or Alaska Native,1002-5,25-29 years,25-29,3rd month,3,18
,"Unidentified Counties, NC",37999,Non-Hispanic other races,8,American Indian or Alaska Native,1002-5,25-29 years,25-29,4th month,4,15
,"Unidentified Counties, NC",37999,Non-Hispanic other races,8,American Indian or Alaska Native,1002-5,30-34 years,30-34,2nd month,2,18
,"Unidentified Counties, NC",37999,Non-Hispanic other races,8,American Indian or Alaska Native,1002-5,30-34 years,30-34,3rd month,3,12
,"Unidentified Counties, ND",38999,Non-Hispanic other races,8,American Indian or Alaska Native,1002-5,15-19 years,15-19,3rd month,3,23
,"Unidentified Counties, ND",38999,Non-Hispanic other races,8,American Indian or Alaska Native,1002-5,15-19 years,15-19,4th month,4,15
,"Unidentified Counties, ND",38999,Non-Hispanic other races,8,American Indian or Alaska Native,1002-5,15-19 years,15-19,5th month,5,10
,"Unidentified Counties, ND",38999,Non-Hispanic other races,8,American Indian or Alaska Native,1002-5,20-24 years,20-24,2nd month,2,30
,"Unidentified Counties, ND",38999,Non-Hispanic other races,8,American Indian or Alaska Native,1002-5,20-24 years,20-24,3rd month,3,60
,"Unidentified Counties, ND",38999,Non-Hispanic other races,8,American Indian or Alaska Native,1002-5,20-24 years,20-24,4th month,4,24
,"Unidentified Counties, ND",38999,Non-Hispanic other races,8,American Indian or Alaska Native,1002-5,20-24 years,20-24,5th month,5,12
,"Unidentified Counties, ND",38999,Non-Hispanic other races,8,American Indian or Alaska Native,1002-5,20-24 years,20-24,6th month,6,11
,"Unidentified Counties, ND",38999,Non-Hispanic other races,8,American Indian or Alaska Native,1002-5,20-24 years,20-24,7th month,7,17
,"Unidentified Counties, ND",38999,Non-Hispanic other races,8,American Indian or Alaska Native,1002-5,20-24 years,20-24,8th month,8,24
,"Unidentified Counties, ND",38999,Non-Hispanic other races,8,American Indian or Alaska Native,1002-5,20-24 years,20-24,Not stated/Not on certificate,99,22
,"Unidentified Counties, ND",38999,Non-Hispanic other races,8,American Indian or Alaska Native,1002-5,25-29 years,25-29,2nd month,2,30
,"Unidentified Counties, ND",38999,Non-Hispanic other races,8,American Indian or Alaska Native,1002-5,25-29 years,25-29,3rd month,3,53
,"Unidentified Counties, ND",38999,Non-Hispanic other races,8,American Indian or Alaska Native,1002-5,25-29 years,25-29,4th month,4,24
,"Unidentified Counties, ND",38999,Non-Hispanic other races,8,American Indian or Alaska Native,1002-5,25-29 years,25-29,5th month,5,14
,"Unidentified Counties, ND",38999,Non-Hispanic other races,8,American Indian or Alaska Native,1002-5,25-29 years,25-29,6th month,6,13
,"Unidentified Counties, ND",38999,Non-Hispanic other races,8,American Indian or Alaska Native,1002-5,25-29 years,25-29,7th month,7,11
,"Unidentified Counties, ND",38999,Non-Hispanic other races,8,American Indian or Alaska Native,1002-5,25-29 years,25-29,8th month,8,20
,"Unidentified Counties, ND",38999,Non-Hispanic other races,8,American Indian or Alaska Native,1002-5,25-29 years,25-29,9th month,9,13
,"Unidentified Counties, ND",38999,Non-Hispanic other races,8,American Indian or Alaska Native,1002-5,25-29 years,25-29,Not stated/Not on certificate,99,13
,"Unidentified Counties, ND",38999,Non-Hispanic other races,8,American Indian or Alaska Native,1002-5,30-34 years,30-34,2nd month,2,11
,"Unidentified Counties, ND",38999,Non-Hispanic other races,8,American Indian or Alaska Native,1002-5,30-34 years,30-34,3rd month,3,25
,"Unidentified Counties, ND",38999,Non-Hispanic other races,8,American Indian or Alaska Native,1002-5,30-34 years,30-34,4th month,4,12
,"Unidentified Counties, ND",38999,Non-Hispanic other races,8,American Indian or Alaska Native,1002-5,30-34 years,30-34,8th month,8,14
,"Unidentified Counties, ND",38999,Non-Hispanic other races,8,American Indian or Alaska Native,1002-5,30-34 years,30-34,Not stated/Not on certificate,99,11
,"Unidentified Counties, ND",38999,Non-Hispanic other races,8,American Indian or Alaska Native,1002-5,35-39 years,35-39,3rd month,3,12
,"Cleveland County, OK",40027,Non-Hispanic other races,8,American Indian or Alaska Native,1002-5,20-24 years,20-24,2nd month,2,16
,"Cleveland County, OK",40027,Non-Hispanic other races,8,American Indian or Alaska Native,1002-5,20-24 years,20-24,3rd month,3,11
,"Cleveland County, OK",40027,Non-Hispanic other races,8,American Indian or Alaska Native,1002-5,25-29 years,25-29,2nd month,2,11
,"Cleveland County, OK",40027,Non-Hispanic other races,8,American Indian or Alaska Native,1002-5,25-29 years,25-29,3rd month,3,13
,"Cleveland County, OK",40027,Non-Hispanic other races,8,American Indian or Alaska Native,1002-5,30-34 years,30-34,2nd month,2,16
,"Cleveland County, OK",40027,Non-Hispanic other races,8,American Indian or Alaska Native,1002-5,30-34 years,30-34,3rd month,3,11
,"Comanche County, OK",40031,Non-Hispanic other races,8,American Indian or Alaska Native,1002-5,20-24 years,20-24,2nd month,2,14
,"Comanche County, OK",40031,Non-Hispanic other races,8,American Indian or Alaska Native,1002-5,25-29 years,25-29,2nd month,2,12
,"Oklahoma County, OK",40109,Non-Hispanic other races,8,American Indian or Alaska Native,1002-5,20-24 years,20-24,2nd month,2,13
,"Oklahoma County, OK",40109,Non-Hispanic other races,8,American Indian or Alaska Native,1002-5,20-24 years,20-24,3rd month,3,21
,"Oklahoma County, OK",40109,Non-Hispanic other races,8,American Indian or Alaska Native,1002-5,20-24 years,20-24,4th month,4,16
,"Oklahoma County, OK",40109,Non-Hispanic other races,8,American Indian or Alaska Native,1002-5,20-24 years,20-24,5th month,5,10
,"Oklahoma County, OK",40109,Non-Hispanic other races,8,American Indian or Alaska Native,1002-5,25-29 years,25-29,2nd month,2,38
,"Oklahoma County, OK",40109,Non-Hispanic other races,8,American Indian or Alaska Native,1002-5,25-29 years,25-29,3rd month,3,30
,"Oklahoma County, OK",40109,Non-Hispanic other races,8,American Indian or Alaska Native,1002-5,25-29 years,25-29,4th month,4,16
,"Oklahoma County, OK",40109,Non-Hispanic other races,8,American Indian or Alaska Native,1002-5,30-34 years,30-34,2nd month,2,21
,"Oklahoma County, OK",40109,Non-Hispanic other races,8,American Indian or Alaska Native,1002-5,30-34 years,30-34,3rd month,3,16
,"Oklahoma County, OK",40109,Non-Hispanic other races,8,American Indian or Alaska Native,1002-5,35-39 years,35-39,2nd month,2,12
,"Tulsa County, OK",40143,Non-Hispanic other races,8,American Indian or Alaska Native,1002-5,15-19 years,15-19,3rd month,3,13
,"Tulsa County, OK",40143,Non-Hispanic other races,8,American Indian or Alaska Native,1002-5,20-24 years,20-24,2nd month,2,61
,"Tulsa County, OK",40143,Non-Hispanic other races,8,American Indian or Alaska Native,1002-5,20-24 years,20-24,3rd month,3,45
,"Tulsa County, OK",40143,Non-Hispanic other races,8,American Indian or Alaska Native,1002-5,20-24 years,20-24,4th month,4,27
,"Tulsa County, OK",40143,Non-Hispanic other races,8,American Indian or Alaska Native,1002-5,20-24 years,20-24,6th month,6,15
,"Tulsa County, OK",40143,Non-Hispanic other races,8,American Indian or Alaska Native,1002-5,25-29 years,25-29,2nd month,2,56
,"Tulsa County, OK",40143,Non-Hispanic other races,8,American Indian or Alaska Native,1002-5,25-29 years,25-29,3rd month,3,61
,"Tulsa County, OK",40143,Non-Hispanic other races,8,American Indian or Alaska Native,1002-5,30-34 years,30-34,2nd month,2,33
,"Tulsa County, OK",40143,Non-Hispanic other races,8,American Indian or Alaska Native,1002-5,30-34 years,30-34,3rd month,3,34
,"Tulsa County, OK",40143,Non-Hispanic other races,8,American Indian or Alaska Native,1002-5,35-39 years,35-39,2nd month,2,16
,"Tulsa County, OK",40143,Non-Hispanic other races,8,American Indian or Alaska Native,1002-5,35-39 years,35-39,3rd month,3,13
,"Unidentified Counties, OK",40999,Mexican,2148-5,American Indian or Alaska Native,1002-5,20-24 years,20-24,2nd month,2,12
,"Unidentified Counties, OK",40999,Non-Hispanic other races,8,American Indian or Alaska Native,1002-5,15-19 years,15-19,2nd month,2,112
,"Unidentified Counties, OK",40999,Non-Hispanic other races,8,American Indian or Alaska Native,1002-5,15-19 years,15-19,3rd month,3,110
,"Unidentified Counties, OK",40999,Non-Hispanic other races,8,American Indian or Alaska Native,1002-5,15-19 years,15-19,4th month,4,31
,"Unidentified Counties, OK",40999,Non-Hispanic other races,8,American Indian or Alaska Native,1002-5,15-19 years,15-19,5th month,5,33
,"Unidentified Counties, OK",40999,Non-Hispanic other races,8,American Indian or Alaska Native,1002-5,15-19 years,15-19,6th month,6,26
,"Unidentified Counties, OK",40999,Non-Hispanic other races,8,American Indian or Alaska Native,1002-5,15-19 years,15-19,7th month,7,17
,"Unidentified Counties, OK",40999,Non-Hispanic other races,8,American Indian or Alaska Native,1002-5,15-19 years,15-19,8th month,8,20
,"Unidentified Counties, OK",40999,Non-Hispanic other races,8,American Indian or Alaska Native,1002-5,20-24 years,20-24,No prenatal care,0,12
,"Unidentified Counties, OK",40999,Non-Hispanic other races,8,American Indian or Alaska Native,1002-5,20-24 years,20-24,1st month,1,48
,"Unidentified Counties, OK",40999,Non-Hispanic other races,8,American Indian or Alaska Native,1002-5,20-24 years,20-24,2nd month,2,442
,"Unidentified Counties, OK",40999,Non-Hispanic other races,8,American Indian or Alaska Native,1002-5,20-24 years,20-24,3rd month,3,350
,"Unidentified Counties, OK",40999,Non-Hispanic other races,8,American Indian or Alaska Native,1002-5,20-24 years,20-24,4th month,4,109
,"Unidentified Counties, OK",40999,Non-Hispanic other races,8,American Indian or Alaska Native,1002-5,20-24 years,20-24,5th month,5,66
,"Unidentified Counties, OK",40999,Non-Hispanic other races,8,American Indian or Alaska Native,1002-5,20-24 years,20-24,6th month,6,52
,"Unidentified Counties, OK",40999,Non-Hispanic other races,8,American Indian or Alaska Native,1002-5,20-24 years,20-24,7th month,7,29
,"Unidentified Counties, OK",40999,Non-Hispanic other races,8,American Indian or Alaska Native,1002-5,20-24 years,20-24,8th month,8,33
,"Unidentified Counties, OK",40999,Non-Hispanic other races,8,American Indian or Alaska Native,1002-5,20-24 years,20-24,9th month,9,13
,"Unidentified Counties, OK",40999,Non-Hispanic other races,8,American Indian or Alaska Native,1002-5,20-24 years,20-24,Not stated/Not on certificate,99,18
,"Unidentified Counties, OK",40999,Non-Hispanic other races,8,American Indian or Alaska Native,1002-5,25-29 years,25-29,No prenatal care,0,14
,"Unidentified Counties, OK",40999,Non-Hispanic other races,8,American Indian or Alaska Native,1002-5,25-29 years,25-29,1st month,1,40
,"Unidentified Counties, OK",40999,Non-Hispanic other races,8,American Indian or Alaska Native,1002-5,25-29 years,25-29,2nd month,2,418
,"Unidentified Counties, OK",40999,Non-Hispanic other races,8,American Indian or Alaska Native,1002-5,25-29 years,25-29,3rd month,3,305
,"Unidentified Counties, OK",40999,Non-Hispanic other races,8,American Indian or Alaska Native,1002-5,25-29 years,25-29,4th month,4,70
,"Unidentified Counties, OK",40999,Non-Hispanic other races,8,American Indian or Alaska Native,1002-5,25-29 years,25-29,5th month,5,44
,"Unidentified Counties, OK",40999,Non-Hispanic other races,8,American Indian or Alaska Native,1002-5,25-29 years,25-29,6th month,6,29
,"Unidentified Counties, OK",40999,Non-Hispanic other races,8,American Indian or Alaska Native,1002-5,25-29 years,25-29,7th month,7,29
,"Unidentified Counties, OK",40999,Non-Hispanic other races,8,American Indian or Alaska Native,1002-5,25-29 years,25-29,8th month,8,16
,"Unidentified Counties, OK",40999,Non-Hispanic other races,8,American Indian or Alaska Native,1002-5,25-29 years,25-29,9th month,9,10
,"Unidentified Counties, OK",40999,Non-Hispanic other races,8,American Indian or Alaska Native,1002-5,25-29 years,25-29,Not stated/Not on certificate,99,14
,"Unidentified Counties, OK",40999,Non-Hispanic other races,8,American Indian or Alaska Native,1002-5,30-34 years,30-34,1st month,1,20
,"Unidentified Counties, OK",40999,Non-Hispanic other races,8,American Indian or Alaska Native,1002-5,30-34 years,30-34,2nd month,2,180
,"Unidentified Counties, OK",40999,Non-Hispanic other races,8,American Indian or Alaska Native,1002-5,30-34 years,30-34,3rd month,3,153
,"Unidentified Counties, OK",40999,Non-Hispanic other races,8,American Indian or Alaska Native,1002-5,30-34 years,30-34,4th month,4,39
,"Unidentified Counties, OK",40999,Non-Hispanic other races,8,American Indian or Alaska Native,1002-5,30-34 years,30-34,5th month,5,19
,"Unidentified Counties, OK",40999,Non-Hispanic other races,8,American Indian or Alaska Native,1002-5,30-34 years,30-34,6th month,6,16
,"Unidentified Counties, OK",40999,Non-Hispanic other races,8,American Indian or Alaska Native,1002-5,35-39 years,35-39,2nd month,2,46
,"Unidentified Counties, OK",40999,Non-Hispanic other races,8,American Indian or Alaska Native,1002-5,35-39 years,35-39,3rd month,3,59
,"Unidentified Counties, OK",40999,Non-Hispanic other races,8,American Indian or Alaska Native,1002-5,35-39 years,35-39,4th month,4,16
,"Unidentified Counties, OR",41999,Non-Hispanic other races,8,American Indian or Alaska Native,1002-5,15-19 years,15-19,2nd month,2,10
,"Unidentified Counties, OR",41999,Non-Hispanic other races,8,American Indian or Alaska Native,1002-5,20-24 years,20-24,2nd month,2,14
,"Unidentified Counties, OR",41999,Non-Hispanic other races,8,American Indian or Alaska Native,1002-5,20-24 years,20-24,3rd month,3,16
,"Unidentified Counties, OR",41999,Non-Hispanic other races,8,American Indian or Alaska Native,1002-5,25-29 years,25-29,2nd month,2,34
,"Unidentified Counties, OR",41999,Non-Hispanic other races,8,American Indian or Alaska Native,1002-5,25-29 years,25-29,3rd month,3,21
,"Unidentified Counties, OR",41999,Non-Hispanic other races,8,American Indian or Alaska Native,1002-5,25-29 years,25-29,4th month,4,12
,"Unidentified Counties, OR",41999,Non-Hispanic other races,8,American Indian or Alaska Native,1002-5,30-34 years,30-34,2nd month,2,19
,"Unidentified Counties, OR",41999,Non-Hispanic other races,8,American Indian or Alaska Native,1002-5,30-34 years,30-34,3rd month,3,21
,"Minnehaha County, SD",46099,Non-Hispanic other races,8,American Indian or Alaska Native,1002-5,25-29 years,25-29,3rd month,3,10
,"Pennington County, SD",46103,Non-Hispanic other races,8,American Indian or Alaska Native,1002-5,15-19 years,15-19,3rd month,3,10
,"Pennington County, SD",46103,Non-Hispanic other races,8,American Indian or Alaska Native,1002-5,20-24 years,20-24,2nd month,2,24
,"Pennington County, SD",46103,Non-Hispanic other races,8,American Indian or Alaska Native,1002-5,20-24 years,20-24,3rd month,3,30
,"Pennington County, SD",46103,Non-Hispanic other races,8,American Indian or Alaska Native,1002-5,20-24 years,20-24,4th month,4,13
,"Pennington County, SD",46103,Non-Hispanic other races,8,American Indian or Alaska Native,1002-5,25-29 years,25-29,2nd month,2,24
,"Pennington County, SD",46103,Non-Hispanic other races,8,American Indian or Alaska Native,1002-5,25-29 years,25-29,3rd month,3,23
,"Pennington County, SD",46103,Non-Hispanic other races,8,American Indian or Alaska Native,1002-5,30-34 years,30-34,3rd month,3,11
,"Unidentified Counties, SD",46999,Non-Hispanic other races,8,American Indian or Alaska Native,1002-5,15-19 years,15-19,2nd month,2,33
,"Unidentified Counties, SD",46999,Non-Hispanic other races,8,American Indian or Alaska Native,1002-5,15-19 years,15-19,3rd month,3,38
,"Unidentified Counties, SD",46999,Non-Hispanic other races,8,American Indian or Alaska Native,1002-5,15-19 years,15-19,4th month,4,21
,"Unidentified Counties, SD",46999,Non-Hispanic other races,8,American Indian or Alaska Native,1002-5,15-19 years,15-19,5th month,5,14
,"Unidentified Counties, SD",46999,Non-Hispanic other races,8,American Indian or Alaska Native,1002-5,15-19 years,15-19,6th month,6,18
,"Unidentified Counties, SD",46999,Non-Hispanic other races,8,American Indian or Alaska Native,1002-5,20-24 years,20-24,1st month,1,19
,"Unidentified Counties, SD",46999,Non-Hispanic other races,8,American Indian or Alaska Native,1002-5,20-24 years,20-24,2nd month,2,101
,"Unidentified Counties, SD",46999,Non-Hispanic other races,8,American Indian or Alaska Native,1002-5,20-24 years,20-24,3rd month,3,108
,"Unidentified Counties, SD",46999,Non-Hispanic other races,8,American Indian or Alaska Native,1002-5,20-24 years,20-24,4th month,4,62
,"Unidentified Counties, SD",46999,Non-Hispanic other races,8,American Indian or Alaska Native,1002-5,20-24 years,20-24,5th month,5,44
,"Unidentified Counties, SD",46999,Non-Hispanic other races,8,American Indian or Alaska Native,1002-5,20-24 years,20-24,6th month,6,19
,"Unidentified Counties, SD",46999,Non-Hispanic other races,8,American Indian or Alaska Native,1002-5,20-24 years,20-24,7th month,7,24
,"Unidentified Counties, SD",46999,Non-Hispanic other races,8,American Indian or Alaska Native,1002-5,20-24 years,20-24,8th month,8,15
,"Unidentified Counties, SD",46999,Non-Hispanic other races,8,American Indian or Alaska Native,1002-5,20-24 years,20-24,9th month,9,14
,"Unidentified Counties, SD",46999,Non-Hispanic other races,8,American Indian or Alaska Native,1002-5,20-24 years,20-24,Not stated/Not on certificate,99,15
,"Unidentified Counties, SD",46999,Non-Hispanic other races,8,American Indian or Alaska Native,1002-5,25-29 years,25-29,2nd month,2,90
,"Unidentified Counties, SD",46999,Non-Hispanic other races,8,American Indian or Alaska Native,1002-5,25-29 years,25-29,3rd month,3,82
,"Unidentified Counties, SD",46999,Non-Hispanic other races,8,American Indian or Alaska Native,1002-5,25-29 years,25-29,4th month,4,48
,"Unidentified Counties, SD",46999,Non-Hispanic other races,8,American Indian or Alaska Native,1002-5,25-29 years,25-29,5th month,5,36
,"Unidentified Counties, SD",46999,Non-Hispanic other races,8,American Indian or Alaska Native,1002-5,25-29 years,25-29,6th month,6,22
,"Unidentified Counties, SD",46999,Non-Hispanic other races,8,American Indian or Alaska Native,1002-5,25-29 years,25-29,7th month,7,16
,"Unidentified Counties, SD",46999,Non-Hispanic other races,8,American Indian or Alaska Native,1002-5,25-29 years,25-29,8th month,8,13
,"Unidentified Counties, SD",46999,Non-Hispanic other races,8,American Indian or Alaska Native,1002-5,30-34 years,30-34,No prenatal care,0,12
,"Unidentified Counties, SD",46999,Non-Hispanic other races,8,American Indian or Alaska Native,1002-5,30-34 years,30-34,2nd month,2,43
,"Unidentified Counties, SD",46999,Non-Hispanic other races,8,American Indian or Alaska Native,1002-5,30-34 years,30-34,3rd month,3,55
,"Unidentified Counties, SD",46999,Non-Hispanic other races,8,American Indian or Alaska Native,1002-5,30-34 years,30-34,4th month,4,18
,"Unidentified Counties, SD",46999,Non-Hispanic other races,8,American Indian or Alaska Native,1002-5,30-34 years,30-34,5th month,5,18
,"Unidentified Counties, SD",46999,Non-Hispanic other races,8,American Indian or Alaska Native,1002-5,35-39 years,35-39,2nd month,2,16
,"Unidentified Counties, SD",46999,Non-Hispanic other races,8,American Indian or Alaska Native,1002-5,35-39 years,35-39,3rd month,3,20
,"Unidentified Counties, SD",46999,Non-Hispanic other races,8,American Indian or Alaska Native,1002-5,35-39 years,35-39,4th month,4,11
,"Harris County, TX",48201,Non-Hispanic other races,8,American Indian or Alaska Native,1002-5,30-34 years,30-34,2nd month,2,11
,"Tarrant County, TX",48439,Non-Hispanic other races,8,American Indian or Alaska Native,1002-5,25-29 years,25-29,2nd month,2,11
,"Unidentified Counties, TX",48999,Non-Hispanic other races,8,American Indian or Alaska Native,1002-5,20-24 years,20-24,2nd month,2,11
,"Unidentified Counties, TX",48999,Non-Hispanic other races,8,American Indian or Alaska Native,1002-5,20-24 years,20-24,3rd month,3,18
,"Unidentified Counties, TX",48999,Non-Hispanic other races,8,American Indian or Alaska Native,1002-5,25-29 years,25-29,2nd month,2,21
,"Unidentified Counties, TX",48999,Non-Hispanic other races,8,American Indian or Alaska Native,1002-5,30-34 years,30-34,3rd month,3,12
,"Salt Lake County, UT",49035,Non-Hispanic other races,8,American Indian or Alaska Native,1002-5,20-24 years,20-24,3rd month,3,15
,"Salt Lake County, UT",49035,Non-Hispanic other races,8,American Indian or Alaska Native,1002-5,25-29 years,25-29,2nd month,2,13
,"Salt Lake County, UT",49035,Non-Hispanic other races,8,American Indian or Alaska Native,1002-5,25-29 years,25-29,3rd month,3,11
,"Unidentified Counties, UT",49999,Non-Hispanic other races,8,American Indian or Alaska Native,1002-5,20-24 years,20-24,2nd month,2,21
,"Unidentified Counties, UT",49999,Non-Hispanic other races,8,American Indian or Alaska Native,1002-5,20-24 years,20-24,3rd month,3,21
,"Unidentified Counties, UT",49999,Non-Hispanic other races,8,American Indian or Alaska Native,1002-5,25-29 years,25-29,2nd month,2,28
,"Unidentified Counties, UT",49999,Non-Hispanic other races,8,American Indian or Alaska Native,1002-5,25-29 years,25-29,3rd month,3,15
,"Unidentified Counties, UT",49999,Non-Hispanic other races,8,American Indian or Alaska Native,1002-5,30-34 years,30-34,2nd month,2,11
,"King County, WA",53033,Non-Hispanic other races,8,American Indian or Alaska Native,1002-5,20-24 years,20-24,2nd month,2,13
,"King County, WA",53033,Non-Hispanic other races,8,American Indian or Alaska Native,1002-5,25-29 years,25-29,2nd month,2,12
,"Pierce County, WA",53053,Non-Hispanic other races,8,American Indian or Alaska Native,1002-5,25-29 years,25-29,2nd month,2,16
,"Pierce County, WA",53053,Non-Hispanic other races,8,American Indian or Alaska Native,1002-5,25-29 years,25-29,3rd month,3,13
,"Pierce County, WA",53053,Non-Hispanic other races,8,American Indian or Alaska Native,1002-5,30-34 years,30-34,2nd month,2,10
,"Pierce County, WA",53053,Non-Hispanic other races,8,American Indian or Alaska Native,1002-5,30-34 years,30-34,3rd month,3,10
,"Snohomish County, WA",53061,Non-Hispanic other races,8,American Indian or Alaska Native,1002-5,25-29 years,25-29,3rd month,3,12
,"Spokane County, WA",53063,Non-Hispanic other races,8,American Indian or Alaska Native,1002-5,25-29 years,25-29,2nd month,2,11
,"Whatcom County, WA",53073,Non-Hispanic other races,8,American Indian or Alaska Native,1002-5,20-24 years,20-24,2nd month,2,10
,"Whatcom County, WA",53073,Non-Hispanic other races,8,American Indian or Alaska Native,1002-5,20-24 years,20-24,3rd month,3,12
,"Whatcom County, WA",53073,Non-Hispanic other races,8,American Indian or Alaska Native,1002-5,25-29 years,25-29,3rd month,3,11
,"Yakima County, WA",53077,Mexican,2148-5,American Indian or Alaska Native,1002-5,25-29 years,25-29,2nd month,2,10
,"Yakima County, WA",53077,Non-Hispanic other races,8,American Indian or Alaska Native,1002-5,25-29 years,25-29,3rd month,3,12
,"Unidentified Counties, WA",53999,Non-Hispanic other races,8,American Indian or Alaska Native,1002-5,20-24 years,20-24,2nd month,2,25
,"Unidentified Counties, WA",53999,Non-Hispanic other races,8,American Indian or Alaska Native,1002-5,20-24 years,20-24,3rd month,3,23
,"Unidentified Counties, WA",53999,Non-Hispanic other races,8,American Indian or Alaska Native,1002-5,20-24 years,20-24,4th month,4,13
,"Unidentified Counties, WA",53999,Non-Hispanic other races,8,American Indian or Alaska Native,1002-5,25-29 years,25-29,2nd month,2,24
,"Unidentified Counties, WA",53999,Non-Hispanic other races,8,American Indian or Alaska Native,1002-5,25-29 years,25-29,3rd month,3,18
,"Unidentified Counties, WA",53999,Non-Hispanic other races,8,American Indian or Alaska Native,1002-5,25-29 years,25-29,4th month,4,13
,"Unidentified Counties, WA",53999,Non-Hispanic other races,8,American Indian or Alaska Native,1002-5,30-34 years,30-34,2nd month,2,16
,"Unidentified Counties, WA",53999,Non-Hispanic other races,8,American Indian or Alaska Native,1002-5,30-34 years,30-34,3rd month,3,13
,"Unidentified Counties, WA",53999,Non-Hispanic other races,8,American Indian or Alaska Native,1002-5,30-34 years,30-34,4th month,4,10
,"Brown County, WI",55009,Non-Hispanic other races,8,American Indian or Alaska Native,1002-5,20-24 years,20-24,3rd month,3,15
,"Brown County, WI",55009,Non-Hispanic other races,8,American Indian or Alaska Native,1002-5,25-29 years,25-29,2nd month,2,11
,"Brown County, WI",55009,Non-Hispanic other races,8,American Indian or Alaska Native,1002-5,25-29 years,25-29,3rd month,3,23
,"Brown County, WI",55009,Non-Hispanic other races,8,American Indian or Alaska Native,1002-5,30-34 years,30-34,2nd month,2,12
,"Brown County, WI",55009,Non-Hispanic other races,8,American Indian or Alaska Native,1002-5,30-34 years,30-34,3rd month,3,10
,"Milwaukee County, WI",55079,Non-Hispanic other races,8,American Indian or Alaska Native,1002-5,25-29 years,25-29,2nd month,2,10
,"Milwaukee County, WI",55079,Non-Hispanic other races,8,American Indian or Alaska Native,1002-5,25-29 years,25-29,3rd month,3,10
,"Unidentified Counties, WI",55999,Non-Hispanic other races,8,American Indian or Alaska Native,1002-5,15-19 years,15-19,2nd month,2,10
,"Unidentified Counties, WI",55999,Non-Hispanic other races,8,American Indian or Alaska Native,1002-5,15-19 years,15-19,3rd month,3,11
,"Unidentified Counties, WI",55999,Non-Hispanic other races,8,American Indian or Alaska Native,1002-5,20-24 years,20-24,2nd month,2,35
,"Unidentified Counties, WI",55999,Non-Hispanic other races,8,American Indian or Alaska Native,1002-5,20-24 years,20-24,3rd month,3,43
,"Unidentified Counties, WI",55999,Non-Hispanic other races,8,American Indian or Alaska Native,1002-5,20-24 years,20-24,4th month,4,15
,"Unidentified Counties, WI",55999,Non-Hispanic other races,8,American Indian or Alaska Native,1002-5,25-29 years,25-29,2nd month,2,46
,"Unidentified Counties, WI",55999,Non-Hispanic other races,8,American Indian or Alaska Native,1002-5,25-29 years,25-29,3rd month,3,33
,"Unidentified Counties, WI",55999,Non-Hispanic other races,8,American Indian or Alaska Native,1002-5,25-29 years,25-29,4th month,4,16
,"Unidentified Counties, WI",55999,Non-Hispanic other races,8,American Indian or Alaska Native,1002-5,30-34 years,30-34,2nd month,2,20
,"Unidentified Counties, WI",55999,Non-Hispanic other races,8,American Indian or Alaska Native,1002-5,30-34 years,30-34,3rd month,3,32
,"Unidentified Counties, WI",55999,Non-Hispanic other races,8,American Indian or Alaska Native,1002-5,30-34 years,30-34,4th month,4,11
,"Unidentified Counties, WI",55999,Non-Hispanic other races,8,American Indian or Alaska Native,1002-5,35-39 years,35-39,2nd month,2,10
,"Unidentified Counties, WI",55999,Non-Hispanic other races,8,American Indian or Alaska Native,1002-5,35-39 years,35-39,3rd month,3,12
,"Unidentified Counties, WY",56999,Non-Hispanic other races,8,American Indian or Alaska Native,1002-5,20-24 years,20-24,2nd month,2,22
,"Unidentified Counties, WY",56999,Non-Hispanic other races,8,American Indian or Alaska Native,1002-5,20-24 years,20-24,3rd month,3,18
,"Unidentified Counties, WY",56999,Non-Hispanic other races,8,American Indian or Alaska Native,1002-5,25-29 years,25-29,2nd month,2,19
,"Unidentified Counties, WY",56999,Non-Hispanic other races,8,American Indian or Alaska Native,1002-5,25-29 years,25-29,3rd month,3,15
,"Unidentified Counties, WY",56999,Non-Hispanic other races,8,American Indian or Alaska Native,1002-5,30-34 years,30-34,2nd month,2,18
